,city,company,country,date,expired,formattedLocation,formattedLocationFull,formattedRelativeTime,indeedApply,jobkey,jobtitle,language,onmousedown,snippet,source,sponsored,state,stations,url
0,Tempe,Carvana,US,"Thu, 04 Jan 2018 18:21:26 GMT",False,"Tempe, AZ","Tempe, AZ",9 days ago,True,eff94cae506cb1b2,Python Engineer,en,"indeed_clk(this,'5635');","At least 2 years of experience in <b>python</b> development on Linux. The ideal candidate for this position is hungry to learn,experienced working in Linux systems and...",Carvana,False,AZ,,http://www.indeed.com/viewjob?jk=eff94cae506cb1b2&qd=kzI5tJZPkWJqoVrEwKNhYuUf1GyoJ5epwGPvrXv9tcK5ycJRMJ608P5iRe5vKKfYnX3Mn_d1sQUGgEd6p8l1qWEnnUflm_82WtmzPAYIa9s&indpubnum=8836246992678581&atk=1c3qf0re51a3q31o
1,Phoenix,American Express,US,"Tue, 26 Dec 2017 19:28:05 GMT",False,"Phoenix, AZ","Phoenix, AZ",18 days ago,False,ca057d8c4618611b,Sr. Data Analyst,en,"indeed_clk(this,'5635');","For example, <b>Python</b>, R or SAS. The Senior Data Analyst role in the Network Engineering and Optimization team will be responsible for providing analytical...",American Express,False,AZ,,http://www.indeed.com/viewjob?jk=ca057d8c4618611b&qd=kzI5tJZPkWJqoVrEwKNhYuUf1GyoJ5epwGPvrXv9tcK5ycJRMJ608P5iRe5vKKfYnX3Mn_d1sQUGgEd6p8l1qWEnnUflm_82WtmzPAYIa9s&indpubnum=8836246992678581&atk=1c3qf0re51a3q31o
2,Glendale,Bechtel,US,"Wed, 13 Dec 2017 02:48:20 GMT",False,"Glendale, AZ","Glendale, AZ",30+ days ago,False,ecca0b0118d8b856,Python Developer,en,"indeed_clk(this,'5635');",We are seeking developers who have expertise creating solutions using the <b>Python</b> language. Strong software development skills and demonstrated experience in...,Bechtel,False,AZ,,http://www.indeed.com/viewjob?jk=ecca0b0118d8b856&qd=kzI5tJZPkWJqoVrEwKNhYuUf1GyoJ5epwGPvrXv9tcK5ycJRMJ608P5iRe5vKKfYnX3Mn_d1sQUGgEd6p8l1qWEnnUflm_82WtmzPAYIa9s&indpubnum=8836246992678581&atk=1c3qf0re51a3q31o
3,Mesa,Career Evolutions,US,"Sat, 06 Jan 2018 03:02:11 GMT",False,"Mesa, AZ","Mesa, AZ 85215",8 days ago,True,75896f65ed627ab6,Junior Python Developer,en,"indeed_clk(this,'5635');","<b>Python</b> Developer for a fast growing hi-tech company based in Tempe, AZ . As a <b>Python</b> Developer you will be a key member of our client’s development team....",Career Evolutions,False,AZ,,http://www.indeed.com/viewjob?jk=75896f65ed627ab6&qd=kzI5tJZPkWJqoVrEwKNhYuUf1GyoJ5epwGPvrXv9tcK5ycJRMJ608P5iRe5vKKfYnX3Mn_d1sQUGgEd6p8l1qWEnnUflm_82WtmzPAYIa9s&indpubnum=8836246992678581&atk=1c3qf0re51a3q31o
4,Phoenix,Carvana,US,"Thu, 30 Nov 2017 02:22:38 GMT",False,"Phoenix, AZ","Phoenix, AZ",30+ days ago,True,0823526e05059631,Supply Chain Analyst,en,"indeed_clk(this,'5635');","Experience with Tableau or <b>Python</b> is a strong plus, but not required. Analyze large data sets in Excel, SQL, <b>Python</b> or similar to actively inventory performance...",Carvana,False,AZ,,http://www.indeed.com/viewjob?jk=0823526e05059631&qd=kzI5tJZPkWJqoVrEwKNhYuUf1GyoJ5epwGPvrXv9tcK5ycJRMJ608P5iRe5vKKfYnX3Mn_d1sQUGgEd6p8l1qWEnnUflm_82WtmzPAYIa9s&indpubnum=8836246992678581&atk=1c3qf0re51a3q31o
5,Phoenix,Carvana,US,"Thu, 12 Oct 2017 00:14:31 GMT",False,"Phoenix, AZ","Phoenix, AZ",30+ days ago,True,ad488b8854ce9388,Quantitative Marketing Analyst,en,"indeed_clk(this,'5635');","Ability to complete projects in <b>Python</b> (there's a <b>python</b> interview, so you'll want to know it!). Analyze large data sets in Excel, SQL, <b>Python</b> or similar to...",Carvana,False,AZ,,http://www.indeed.com/viewjob?jk=ad488b8854ce9388&qd=kzI5tJZPkWJqoVrEwKNhYuUf1GyoJ5epwGPvrXv9tcK5ycJRMJ608P5iRe5vKKfYnX3Mn_d1sQUGgEd6p8l1qWEnnUflm_82WtmzPAYIa9s&indpubnum=8836246992678581&atk=1c3qf0re51a3q31o
6,Chandler,HCL Technologies,US,"Thu, 04 Jan 2018 18:24:09 GMT",False,"Chandler, AZ","Chandler, AZ",9 days ago,True,98ce0ccefbd0dd79,Python Test Automation Developer,en,"indeed_clk(this,'5635');",Hanson experience in Manual/Automation Testing. Very Good in Python/GO with test automation development experience Good experience in REST/SOAP API Good to...,Indeed,False,AZ,,http://www.indeed.com/viewjob?jk=98ce0ccefbd0dd79&qd=kzI5tJZPkWJqoVrEwKNhYuUf1GyoJ5epwGPvrXv9tcK5ycJRMJ608P5iRe5vKKfYnX3Mn_d1sQUGgEd6p8l1qWEnnUflm_82WtmzPAYIa9s&indpubnum=8836246992678581&atk=1c3qf0re51a3q31o
7,Phoenix,Avella Specialty Pharmacy,US,"Thu, 11 Jan 2018 19:21:11 GMT",False,"Phoenix, AZ","Phoenix, AZ 85085",2 days ago,True,d13bcddeb3ef7468,Business Data Analyst,en,"indeed_clk(this,'5635');","Experience in data mining, analytical software and languages (SAS, SPSS, Modeler, SQL, <b>Python</b>). The business data analyst is a member of the Operations Team...",Indeed,False,AZ,,http://www.indeed.com/viewjob?jk=d13bcddeb3ef7468&qd=kzI5tJZPkWJqoVrEwKNhYuUf1GyoJ5epwGPvrXv9tcK5ycJRMJ608P5iRe5vKKfYnX3Mn_d1sQUGgEd6p8l1qWEnnUflm_82WtmzPAYIa9s&indpubnum=8836246992678581&atk=1c3qf0re51a3q31o
8,Phoenix,Intel,US,"Wed, 27 Dec 2017 11:17:18 GMT",False,"Phoenix, AZ","Phoenix, AZ 85018",18 days ago,False,650bd5a3c98073f3,Data Scientist,en,"indeed_clk(this,'5635');","Program languages such as <b>Python</b>, Perl, Java, R and/or scala and/or C++. Data Scientists influence how Intel does business, one data-driven decision at a time!...",Intel,False,AZ,,http://www.indeed.com/viewjob?jk=650bd5a3c98073f3&qd=kzI5tJZPkWJqoVrEwKNhYuUf1GyoJ5epwGPvrXv9tcK5ycJRMJ608P5iRe5vKKfYnX3Mn_d1sQUGgEd6p8l1qWEnnUflm_82WtmzPAYIa9s&indpubnum=8836246992678581&atk=1c3qf0re51a3q31o
9,Phoenix,American Express,US,"Thu, 11 Jan 2018 01:59:06 GMT",False,"Phoenix, AZ","Phoenix, AZ",3 days ago,False,ed1a8c250ff0ef45,Data Scientists,en,"indeed_clk(this,'5635');","And 1 year of experience with machine learning techniques, <b>Python</b>, Hadoop, Big Data, SQL, ETL processes, mathematical predictive modeling and analysis,...",American Express,False,AZ,,http://www.indeed.com/viewjob?jk=ed1a8c250ff0ef45&qd=kzI5tJZPkWJqoVrEwKNhYuUf1GyoJ5epwGPvrXv9tcK5ycJRMJ608P5iRe5vKKfYnX3Mn_d1sQUGgEd6p8l1qWEnnUflm_82WtmzPAYIa9s&indpubnum=8836246992678581&atk=1c3qf0re51a3q31o
10,Phoenix,Carvana,US,"Wed, 10 Jan 2018 22:21:46 GMT",False,"Phoenix, AZ","Phoenix, AZ",3 days ago,True,f775a9d8dc521ffe,Analytics Intern,en,"indeed_clk(this,'5635');","You will become proficient with analysis tools including SQL, Tableau, and <b>Python</b>. At Carvana, we sell cars, but we’re not salespeople....",Carvana,False,AZ,,http://www.indeed.com/viewjob?jk=f775a9d8dc521ffe&qd=kzI5tJZPkWJqoVrEwKNhYuUf1GyoJ5epwGPvrXv9tcK5ycJRMJ608P5iRe5vKKfYnX3Mn_d1sQUGgEd6p8l1qWEnnUflm_82WtmzPAYIa9s&indpubnum=8836246992678581&atk=1c3qf0re51a3q31o
11,Phoenix,Carvana,US,"Tue, 09 Jan 2018 18:21:51 GMT",False,"Phoenix, AZ","Phoenix, AZ",4 days ago,True,a46b885b75e17cba,Finance Intern,en,"indeed_clk(this,'5635');","You’ll help us transform large data sets into meaningful insights for management using tools like <b>Python</b>, R, and SQL....",Carvana,False,AZ,,http://www.indeed.com/viewjob?jk=a46b885b75e17cba&qd=kzI5tJZPkWJqoVrEwKNhYuUf1GyoJ5epwGPvrXv9tcK5ycJRMJ608P5iRe5vKKfYnX3Mn_d1sQUGgEd6p8l1qWEnnUflm_82WtmzPAYIa9s&indpubnum=8836246992678581&atk=1c3qf0re51a3q31o
12,Phoenix,Apar Technologies Inc,US,"Thu, 11 Jan 2018 21:44:04 GMT",False,"Phoenix, AZ","Phoenix, AZ",2 days ago,True,f149b97b051ba669,Big Data Analyst,en,"indeed_clk(this,'5635');","Should have experience and able to perform data Analytical insights and visualization using reporting tools Tableau, <b>Python</b>, zeppelin, machine learning etc....",Indeed,False,AZ,,http://www.indeed.com/viewjob?jk=f149b97b051ba669&qd=kzI5tJZPkWJqoVrEwKNhYuUf1GyoJ5epwGPvrXv9tcK5ycJRMJ608P5iRe5vKKfYnX3Mn_d1sQUGgEd6p8l1qWEnnUflm_82WtmzPAYIa9s&indpubnum=8836246992678581&atk=1c3qf0re51a3q31o
13,Phoenix,Wells Fargo,US,"Thu, 28 Dec 2017 13:07:14 GMT",False,"Phoenix, AZ","Phoenix, AZ",17 days ago,False,1342c3ef004f734c,Analytic Consultant 4 - RECOR Data Scientist,en,"indeed_clk(this,'5635');","Job Description It starts with you . Our goal is to attract, develop, retain, and motivate the most talented people - those who care and who work together as...",Wells Fargo,False,AZ,,http://www.indeed.com/viewjob?jk=1342c3ef004f734c&qd=kzI5tJZPkWJqoVrEwKNhYuUf1GyoJ5epwGPvrXv9tcK5ycJRMJ608P5iRe5vKKfYnX3Mn_d1sQUGgEd6p8l1qWEnnUflm_82WtmzPAYIa9s&indpubnum=8836246992678581&atk=1c3qf0re51a3q31o
14,Phoenix,TrustCor,US,"Fri, 10 Nov 2017 11:18:37 GMT",False,"Phoenix, AZ","Phoenix, AZ",30+ days ago,True,441a14cbe9e7311b,Software Developer,en,"indeed_clk(this,'5635');","<b>Python</b> experience is a must. Phoenix, remote within 1 hour travel also acceptable....",TrustCor,False,AZ,,http://www.indeed.com/viewjob?jk=441a14cbe9e7311b&qd=kzI5tJZPkWJqoVrEwKNhYuUf1GyoJ5epwGPvrXv9tcK5ycJRMJ608P5iRe5vKKfYnX3Mn_d1sQUGgEd6p8l1qWEnnUflm_82WtmzPAYIa9s&indpubnum=8836246992678581&atk=1c3qf0re51a3q31o
15,Phoenix,American Express,US,"Tue, 19 Dec 2017 01:23:52 GMT",False,"Phoenix, AZ","Phoenix, AZ",26 days ago,False,9bd171f4e3e3a4fc,Sr Infrastructure Engineer I,en,"indeed_clk(this,'5635');","Programming experience utilizing <b>Python</b>, Ansible, and RESTful APIs. Millions of customers depend on our infrastructure....",American Express,False,AZ,,http://www.indeed.com/viewjob?jk=9bd171f4e3e3a4fc&qd=kzI5tJZPkWJqoVrEwKNhYuUf1GyoJ5epwGPvrXv9tcK5ycJRMJ608P5iRe5vKKfYnX3Mn_d1sQUGgEd6p8l1qWEnnUflm_82WtmzPAYIa9s&indpubnum=8836246992678581&atk=1c3qf0re51a3q31o
16,Phoenix,Mentor Graphics,US,"Tue, 28 Nov 2017 00:57:26 GMT",False,"Phoenix, AZ","Phoenix, AZ",30+ days ago,False,9669b40556aeca9c,Full Stack Developer,en,"indeed_clk(this,'5635');","Experience with at least one of the following (C++, go, <b>python</b>). Experience in server-side scripting using JavaScript (NodeJS) or <b>Python</b> or Go....",Mentor Graphics,False,AZ,,http://www.indeed.com/viewjob?jk=9669b40556aeca9c&qd=kzI5tJZPkWJqoVrEwKNhYuUf1GyoJ5epwGPvrXv9tcK5ycJRMJ608P5iRe5vKKfYnX3Mn_d1sQUGgEd6p8l1qWEnnUflm_82WtmzPAYIa9s&indpubnum=8836246992678581&atk=1c3qf0re51a3q31o
17,Phoenix,BeyondTrust,US,"Fri, 01 Dec 2017 00:21:00 GMT",False,"Phoenix, AZ","Phoenix, AZ",30+ days ago,True,09929336093ec192,Jr. Business Intelligence Analyst,en,"indeed_clk(this,'5635');","Experience with analytical and statistical tools such as R, <b>Python</b> a plus. BeyondTrust is a cyber security company dedicated to proactively eliminating data...",BeyondTrust,False,AZ,,http://www.indeed.com/viewjob?jk=09929336093ec192&qd=kzI5tJZPkWJqoVrEwKNhYuUf1GyoJ5epwGPvrXv9tcK5ycJRMJ608P5iRe5vKKfYnX3Mn_d1sQUGgEd6p8l1qWEnnUflm_82WtmzPAYIa9s&indpubnum=8836246992678581&atk=1c3qf0re51a3q31o
18,Glendale,"LegalZoom.com, Inc.",US,"Wed, 03 Jan 2018 06:40:23 GMT",False,"Glendale, AZ","Glendale, AZ",11 days ago,False,7e3c724f809ded9c,Statistical Analyst,en,"indeed_clk(this,'5635');","Working knowledge of SQL, R or <b>Python</b> is required. Perform statistical procedures and data analysis using R or <b>Python</b> or equivalent tools....","LegalZoom.com, Inc.",False,AZ,,http://www.indeed.com/viewjob?jk=7e3c724f809ded9c&qd=kzI5tJZPkWJqoVrEwKNhYuUf1GyoJ5epwGPvrXv9tcK5ycJRMJ608P5iRe5vKKfYnX3Mn_d1sQUGgEd6p8l1qWEnnUflm_82WtmzPAYIa9s&indpubnum=8836246992678581&atk=1c3qf0re51a3q31o
19,Phoenix,AVIAGE SYSTEMS,US,"Mon, 25 Dec 2017 04:48:58 GMT",False,"Phoenix, AZ","Phoenix, AZ",20 days ago,True,5f7669a8647aac5d,Software Engineer,en,"indeed_clk(this,'5635');","C, C++, C#, Java, Matlab, Simulink/Stateflow, <b>Python</b>, Ada or other relevant language. The successful candidate for the role of software engineer will be part of...",Indeed,False,AZ,,http://www.indeed.com/viewjob?jk=5f7669a8647aac5d&qd=kzI5tJZPkWJqoVrEwKNhYuUf1GyoJ5epwGPvrXv9tcK5ycJRMJ608P5iRe5vKKfYnX3Mn_d1sQUGgEd6p8l1qWEnnUflm_82WtmzPAYIa9s&indpubnum=8836246992678581&atk=1c3qf0re51a3q31o
20,Phoenix,REPAY,US,"Wed, 08 Nov 2017 18:22:07 GMT",False,"Phoenix, AZ","Phoenix, AZ",30+ days ago,True,88a1bf1ff53049d5,ACH - Full Stack Developer - Payments Industry Experience - Phoenix,en,"indeed_clk(this,'5635');","Experience working with either <b>Python</b> and/or C#.NET. REPAY – Realtime Electronic Payments is an established and fast growing, Financial Technology company....",Repay,False,AZ,,http://www.indeed.com/viewjob?jk=88a1bf1ff53049d5&qd=kzI5tJZPkWJqoVrEwKNhYuUf1GyoJ5epwGPvrXv9tcK5ycJRMJ608P5iRe5vKKfYnX3Mn_d1sQUGgEd6p8l1qWEnnUflm_82WtmzPAYIa9s&indpubnum=8836246992678581&atk=1c3qf0re51a3q31o
21,Phoenix,Ljk Companies Inc,US,"Sat, 13 Jan 2018 18:55:08 GMT",False,"Phoenix, AZ","Phoenix, AZ",18 hours ago,False,e4eff429ddfe1e79,Web Developer,en,"indeed_clk(this,'5635');","3+ years in PHP, <b>Python</b>, Javascript, HTML5. The primary skills for this position are PHP, <b>Python</b>, and Javascript. Web Application Developer....",Ljk Companies Inc,False,AZ,,http://www.indeed.com/viewjob?jk=e4eff429ddfe1e79&qd=kzI5tJZPkWJqoVrEwKNhYuUf1GyoJ5epwGPvrXv9tcK5ycJRMJ608P5iRe5vKKfYnX3Mn_d1sQUGgEd6p8l1qWEnnUflm_82WtmzPAYIa9s&indpubnum=8836246992678581&atk=1c3qf0re51a3q31o
22,Phoenix,Kudelski SA,US,"Wed, 20 Dec 2017 21:07:43 GMT",False,"Phoenix, AZ","Phoenix, AZ",24 days ago,False,81361550f656a774,Software Engineer,en,"indeed_clk(this,'5635');","Experience in development <b>Python</b>, Java/J2EE, JavaScript. About Kudelski Security:....",Kudelski SA,False,AZ,,http://www.indeed.com/viewjob?jk=81361550f656a774&qd=kzI5tJZPkWJqoVrEwKNhYuUf1GyoJ5epwGPvrXv9tcK5ycJRMJ608P5iRe5vKKfYnX3Mn_d1sQUGgEd6p8l1qWEnnUflm_82WtmzPAYIa9s&indpubnum=8836246992678581&atk=1c3qf0re51a3q31o
23,Scottsdale,Nextiva,US,"Wed, 13 Dec 2017 09:30:35 GMT",False,"Scottsdale, AZ","Scottsdale, AZ",30+ days ago,False,018ba3c02fe4d555,Senior Software Engineer - Python,en,"indeed_clk(this,'5635');",You will be involved with every part of the stack – you should know how they work together and what role everything from the Linux kernel to the <b>Python</b>...,Nextiva,False,AZ,,http://www.indeed.com/viewjob?jk=018ba3c02fe4d555&qd=kzI5tJZPkWJqoVrEwKNhYuUf1GyoJ5epwGPvrXv9tcK5ycJRMJ608P5iRe5vKKfYnX3Mn_d1sQUGgEd6p8l1qWEnnUflm_82WtmzPAYIa9s&indpubnum=8836246992678581&atk=1c3qf0re51a3q31o
24,Phoenix,Carvana,US,"Fri, 05 Jan 2018 20:25:52 GMT",False,"Phoenix, AZ","Phoenix, AZ",8 days ago,True,0cc553bb61065e75,Ops Analytics Intern,en,"indeed_clk(this,'5635');","You will learn various business intelligence related tools and concepts such as Tableau, SQL (through MS SQL Server), relational database design, SQL Server...",Carvana,False,AZ,,http://www.indeed.com/viewjob?jk=0cc553bb61065e75&qd=kzI5tJZPkWJqoVrEwKNhYuUf1GyoJ5epwGPvrXv9tcK5ycJRMJ608P5iRe5vKKfYnX3Mn_d1sQUGgEd6p8l1qWEnnUflm_82WtmzPAYIa9s&indpubnum=8836246992678581&atk=1c3qf0re51a3q31o
25,Phoenix,Bishop Fox,US,"Tue, 17 Oct 2017 06:22:22 GMT",False,"Phoenix, AZ","Phoenix, AZ",30+ days ago,True,1e29cd75c1e5c108,Pentester,en,"indeed_clk(this,'5803');","Scripting/programming skills (e.g., <b>Python</b>, Ruby, Java, JS, etc.). Shall we play a game?...",Bishop Fox,False,AZ,,http://www.indeed.com/viewjob?jk=1e29cd75c1e5c108&qd=kzI5tJZPkWJqoVrEwKNhYuUf1GyoJ5epwGPvrXv9tcK5ycJRMJ608P5iRe5vKKfYnX3Mn_d1sQUGgEd6p8l1qWEnnUflm_82WtmzPAYIa9s&indpubnum=8836246992678581&atk=1c3qf0rje18fp05d
26,Phoenix,REPAY,US,"Mon, 04 Dec 2017 22:19:04 GMT",False,"Phoenix, AZ","Phoenix, AZ",30+ days ago,True,e63fa908c6ee35e4,Lead - Full Stack Developer (Python),en,"indeed_clk(this,'5803');","Experience working with <b>Python</b> (3.x) Django and/or Pyramid. REPAY – Realtime Electronic Payments is an established and fast growing, Financial Technology...",Repay,False,AZ,,http://www.indeed.com/viewjob?jk=e63fa908c6ee35e4&qd=kzI5tJZPkWJqoVrEwKNhYuUf1GyoJ5epwGPvrXv9tcK5ycJRMJ608P5iRe5vKKfYnX3Mn_d1sQUGgEd6p8l1qWEnnUflm_82WtmzPAYIa9s&indpubnum=8836246992678581&atk=1c3qf0rje18fp05d
27,Scottsdale,Zero Mass Water,US,"Tue, 02 Jan 2018 21:11:19 GMT",False,"Scottsdale, AZ","Scottsdale, AZ 85257",11 days ago,True,c6566a0324fc63ee,Senior DevOps Engineer,en,"indeed_clk(this,'5803');","Strong <b>Python</b> programming skills. Zero Mass, an Arizona-based company developing water-from-air drinking water systems, is seeking a Senior DevOps Engineer to...",Indeed,False,AZ,,http://www.indeed.com/viewjob?jk=c6566a0324fc63ee&qd=kzI5tJZPkWJqoVrEwKNhYuUf1GyoJ5epwGPvrXv9tcK5ycJRMJ608P5iRe5vKKfYnX3Mn_d1sQUGgEd6p8l1qWEnnUflm_82WtmzPAYIa9s&indpubnum=8836246992678581&atk=1c3qf0rje18fp05d
28,Phoenix,ZTEK Consulting Inc,US,"Fri, 12 Jan 2018 13:44:58 GMT",False,"Phoenix, AZ","Phoenix, AZ",2 days ago,True,79fd35ce9aca89aa,Big Data Developer,en,"indeed_clk(this,'5803');",*Job Summary* *Job Title: Big Data Developer* *Location: Austin – TX* *Type of hire: Full time* Job Description : 5+ 5 years of recent experience as a...,Indeed,False,AZ,,http://www.indeed.com/viewjob?jk=79fd35ce9aca89aa&qd=kzI5tJZPkWJqoVrEwKNhYuUf1GyoJ5epwGPvrXv9tcK5ycJRMJ608P5iRe5vKKfYnX3Mn_d1sQUGgEd6p8l1qWEnnUflm_82WtmzPAYIa9s&indpubnum=8836246992678581&atk=1c3qf0rje18fp05d
29,Phoenix,Goodwill of Central Arizona,US,"Thu, 28 Sep 2017 00:52:34 GMT",False,"Phoenix, AZ","Phoenix, AZ 85021",30+ days ago,False,8dc26b4c225ce13d,IT Programmer Analyst,en,"indeed_clk(this,'5803');",W/programming language <b>Python</b> (optional) and PHP 5.6+ Familiar. IT Programmer Analyst....,Goodwill of Central Arizona,False,AZ,,http://www.indeed.com/viewjob?jk=8dc26b4c225ce13d&qd=kzI5tJZPkWJqoVrEwKNhYuUf1GyoJ5epwGPvrXv9tcK5ycJRMJ608P5iRe5vKKfYnX3Mn_d1sQUGgEd6p8l1qWEnnUflm_82WtmzPAYIa9s&indpubnum=8836246992678581&atk=1c3qf0rje18fp05d
30,Scottsdale,Discount Tire Corporate Careers,US,"Fri, 29 Dec 2017 17:13:21 GMT",False,"Scottsdale, AZ","Scottsdale, AZ",15 days ago,False,1c2078afa37d306d,Data Engineer II,en,"indeed_clk(this,'5803');","Scripting knowledge with SQL, <b>Python</b>, Java or R is necessary. The Business Intelligence Department is looking to add a Data Engineer II to their current team....",DISCOUNT TIRE,False,AZ,,http://www.indeed.com/viewjob?jk=1c2078afa37d306d&qd=kzI5tJZPkWJqoVrEwKNhYuUf1GyoJ5epwGPvrXv9tcK5ycJRMJ608P5iRe5vKKfYnX3Mn_d1sQUGgEd6p8l1qWEnnUflm_82WtmzPAYIa9s&indpubnum=8836246992678581&atk=1c3qf0rje18fp05d
31,Scottsdale,Trax Technologies,US,"Sat, 13 Jan 2018 09:14:26 GMT",False,"Scottsdale, AZ","Scottsdale, AZ 85260",1 day ago,True,862af0cf1b939359,Data Scientist,en,"indeed_clk(this,'5803');","Extensive experience with analysis tools and packages (statistics/math/visualization) – SQL, R, <b>Python</b>. Trax Technologies provides cloud-based solutions and...",Trax Technologies,False,AZ,,http://www.indeed.com/viewjob?jk=862af0cf1b939359&qd=kzI5tJZPkWJqoVrEwKNhYuUf1GyoJ5epwGPvrXv9tcK5ycJRMJ608P5iRe5vKKfYnX3Mn_d1sQUGgEd6p8l1qWEnnUflm_82WtmzPAYIa9s&indpubnum=8836246992678581&atk=1c3qf0rje18fp05d
32,Phoenix,ViaSat,US,"Sat, 14 Oct 2017 05:49:01 GMT",False,"Phoenix, AZ","Phoenix, AZ",30+ days ago,False,ae3ce0690b7005ad,Network Data Center Analyst,en,"indeed_clk(this,'5803');","Familiarity with DevOps, ability to consume APIs using scripting languages like <b>Python</b> or Ruby, and network automation using tools like Ansible or Git....",ViaSat,False,AZ,,http://www.indeed.com/viewjob?jk=ae3ce0690b7005ad&qd=kzI5tJZPkWJqoVrEwKNhYuUf1GyoJ5epwGPvrXv9tcK5ycJRMJ608P5iRe5vKKfYnX3Mn_d1sQUGgEd6p8l1qWEnnUflm_82WtmzPAYIa9s&indpubnum=8836246992678581&atk=1c3qf0rje18fp05d
33,Phoenix,TrustCor,US,"Sun, 26 Nov 2017 11:26:52 GMT",False,"Phoenix, AZ","Phoenix, AZ",30+ days ago,True,7a6ee08bf7b58413,Senior Platform Developer,en,"indeed_clk(this,'5803');",<b>Python</b> 2.7 and 3. Privacy-focused company providing email and communication applications for web and mobile....,TrustCor,False,AZ,,http://www.indeed.com/viewjob?jk=7a6ee08bf7b58413&qd=kzI5tJZPkWJqoVrEwKNhYuUf1GyoJ5epwGPvrXv9tcK5ycJRMJ608P5iRe5vKKfYnX3Mn_d1sQUGgEd6p8l1qWEnnUflm_82WtmzPAYIa9s&indpubnum=8836246992678581&atk=1c3qf0rje18fp05d
34,Phoenix,Kudelski SA,US,"Tue, 09 Jan 2018 21:08:54 GMT",False,"Phoenix, AZ","Phoenix, AZ",4 days ago,False,f5eb1434c2ab5c3e,Software Engineer (Integrations),en,"indeed_clk(this,'5803');","Familiarity with or interest in Javascript, HTML, CSS, Node.js, <b>Python</b>, Go, Grunt, Gulp React, Angular, Ember or similar....",Kudelski SA,False,AZ,,http://www.indeed.com/viewjob?jk=f5eb1434c2ab5c3e&qd=kzI5tJZPkWJqoVrEwKNhYuUf1GyoJ5epwGPvrXv9tcK5ycJRMJ608P5iRe5vKKfYnX3Mn_d1sQUGgEd6p8l1qWEnnUflm_82WtmzPAYIa9s&indpubnum=8836246992678581&atk=1c3qf0rje18fp05d
35,Phoenix,Oracle,US,"Tue, 31 Oct 2017 20:49:48 GMT",False,"Phoenix, AZ","Phoenix, AZ",30+ days ago,False,030265336d865c05,Data Center Technician,en,"indeed_clk(this,'5803');","Some experience with Perl, <b>Python</b>, Bash or Java. Data Center Technician-170016V5....",Oracle,False,AZ,,http://www.indeed.com/viewjob?jk=030265336d865c05&qd=kzI5tJZPkWJqoVrEwKNhYuUf1GyoJ5epwGPvrXv9tcK5ycJRMJ608P5iRe5vKKfYnX3Mn_d1sQUGgEd6p8l1qWEnnUflm_82WtmzPAYIa9s&indpubnum=8836246992678581&atk=1c3qf0rje18fp05d
36,Scottsdale,"JDA Software Group, Inc.",US,"Thu, 26 Oct 2017 05:34:53 GMT",False,"Scottsdale, AZ","Scottsdale, AZ",30+ days ago,False,c1d6081abb3404ac,Software Engineer -Full Stack Developer,en,"indeed_clk(this,'5803');","Experience with <b>Python</b>, Java with knowledge of its ecosystems. JDA Software is the leading supply chain provider powering today’s digital transformation....","JDA Software Group, Inc.",False,AZ,,http://www.indeed.com/viewjob?jk=c1d6081abb3404ac&qd=kzI5tJZPkWJqoVrEwKNhYuUf1GyoJ5epwGPvrXv9tcK5ycJRMJ608P5iRe5vKKfYnX3Mn_d1sQUGgEd6p8l1qWEnnUflm_82WtmzPAYIa9s&indpubnum=8836246992678581&atk=1c3qf0rje18fp05d
37,Phoenix,Career Evolutions,US,"Thu, 11 Jan 2018 21:05:51 GMT",False,"Phoenix, AZ","Phoenix, AZ 85018",2 days ago,True,c10068030542be89,"Senior Software Engineer (Streaming, Cinema)",en,"indeed_clk(this,'5803');","Familiarity with or interest in JavaScript, HTML, CSS, Node.js, <b>Python</b>, Go, Grunt, Gulp React, Angular, Ember or similar....",Career Evolutions,False,AZ,,http://www.indeed.com/viewjob?jk=c10068030542be89&qd=kzI5tJZPkWJqoVrEwKNhYuUf1GyoJ5epwGPvrXv9tcK5ycJRMJ608P5iRe5vKKfYnX3Mn_d1sQUGgEd6p8l1qWEnnUflm_82WtmzPAYIa9s&indpubnum=8836246992678581&atk=1c3qf0rje18fp05d
38,Scottsdale,Southern Careers Institute,US,"Sat, 04 Nov 2017 02:22:13 GMT",False,"Scottsdale, AZ","Scottsdale, AZ",30+ days ago,False,749acce8989da402,Web Developer Mentor,en,"indeed_clk(this,'5803');","Java, C#, Ruby, <b>Python</b>, JavaScript (Node); Under the direction of the Director of Education, the Web Developer Mentor will be responsible for academic support,...",Southern Careers Institute,False,AZ,,http://www.indeed.com/viewjob?jk=749acce8989da402&qd=kzI5tJZPkWJqoVrEwKNhYuUf1GyoJ5epwGPvrXv9tcK5ycJRMJ608P5iRe5vKKfYnX3Mn_d1sQUGgEd6p8l1qWEnnUflm_82WtmzPAYIa9s&indpubnum=8836246992678581&atk=1c3qf0rje18fp05d
39,Tempe,Neudesic LLC,US,"Wed, 08 Nov 2017 05:02:24 GMT",False,"Tempe, AZ","Tempe, AZ 85281",30+ days ago,False,40750c0718edb7c9,Data Scientist - Predictive Enterprise,en,"indeed_clk(this,'5803');",This role requires advanced expertise in Machine Learning tools and programming languages like R and <b>Python</b>....,Neudesic LLC,False,AZ,,http://www.indeed.com/viewjob?jk=40750c0718edb7c9&qd=kzI5tJZPkWJqoVrEwKNhYuUf1GyoJ5epwGPvrXv9tcK5ycJRMJ608P5iRe5vKKfYnX3Mn_d1sQUGgEd6p8l1qWEnnUflm_82WtmzPAYIa9s&indpubnum=8836246992678581&atk=1c3qf0rje18fp05d
40,Scottsdale,Southern Careers Institute,US,"Sat, 04 Nov 2017 02:22:00 GMT",False,"Scottsdale, AZ","Scottsdale, AZ",30+ days ago,False,cdbe3bcc3079109c,Data Science Mentor,en,"indeed_clk(this,'5803');","Programming with <b>Python</b>, R; Under the direction of the Director of Education, the Data Science Mentor will be responsible for academic support, curriculum...",Southern Careers Institute,False,AZ,,http://www.indeed.com/viewjob?jk=cdbe3bcc3079109c&qd=kzI5tJZPkWJqoVrEwKNhYuUf1GyoJ5epwGPvrXv9tcK5ycJRMJ608P5iRe5vKKfYnX3Mn_d1sQUGgEd6p8l1qWEnnUflm_82WtmzPAYIa9s&indpubnum=8836246992678581&atk=1c3qf0rje18fp05d
41,Phoenix,AT&T,US,"Sat, 11 Nov 2017 18:12:34 GMT",False,"Phoenix, AZ","Phoenix, AZ",30+ days ago,False,35ca7532d0c9f1d7,Cybersecurity Consultant 3 - Secure Infrastructure Services,en,"indeed_clk(this,'5803');","Ability to write customized scripts using at least two of bash, Perl, PHP, <b>Python</b> preferred. AT&amp;T Security Solutions is a division of AT&amp;T (a Fortune Global Top...",AT&T,False,AZ,,http://www.indeed.com/viewjob?jk=35ca7532d0c9f1d7&qd=kzI5tJZPkWJqoVrEwKNhYuUf1GyoJ5epwGPvrXv9tcK5ycJRMJ608P5iRe5vKKfYnX3Mn_d1sQUGgEd6p8l1qWEnnUflm_82WtmzPAYIa9s&indpubnum=8836246992678581&atk=1c3qf0rje18fp05d
42,Phoenix,American Express,US,"Wed, 06 Dec 2017 07:57:52 GMT",False,"Phoenix, AZ","Phoenix, AZ",30+ days ago,False,c1f9208f9e5c7dd9,Sr Infrastructure Engineer - Network Automation & Operational Intelligence,en,"indeed_clk(this,'5803');","Demonstrated expertise in a programming language such as <b>Python</b>, .NET, Java. The Network Automation &amp; Operational Intelligence team is seeking a Senior...",American Express,False,AZ,,http://www.indeed.com/viewjob?jk=c1f9208f9e5c7dd9&qd=kzI5tJZPkWJqoVrEwKNhYuUf1GyoJ5epwGPvrXv9tcK5ycJRMJ608P5iRe5vKKfYnX3Mn_d1sQUGgEd6p8l1qWEnnUflm_82WtmzPAYIa9s&indpubnum=8836246992678581&atk=1c3qf0rje18fp05d
43,Phoenix,Uber,US,"Wed, 27 Sep 2017 06:06:35 GMT",False,"Phoenix, AZ","Phoenix, AZ 85004",30+ days ago,False,47710eff144a7bed,Quality Data Coordinator,en,"indeed_clk(this,'5803');",Experience with SQL or <b>Python</b> Experience presenting data visually and synthesizing data. We’re changing the way people think about transportation....,Uber,False,AZ,,http://www.indeed.com/viewjob?jk=47710eff144a7bed&qd=kzI5tJZPkWJqoVrEwKNhYuUf1GyoJ5epwGPvrXv9tcK5ycJRMJ608P5iRe5vKKfYnX3Mn_d1sQUGgEd6p8l1qWEnnUflm_82WtmzPAYIa9s&indpubnum=8836246992678581&atk=1c3qf0rje18fp05d
44,Glendale,CSAA Insurance Group,US,"Fri, 08 Dec 2017 20:42:08 GMT",False,"Glendale, AZ","Glendale, AZ",30+ days ago,False,56488cf3f590d0ce,Enterprise Analytics and Data Services Solution Architect,en,"indeed_clk(this,'5803');","<b>Python</b> and Ruby. Excellent background in Systems Architecture and Engineering, understanding of the components of software infrastructure, public Cloud (AWS),...",CSAA Insurance Group,False,AZ,,http://www.indeed.com/viewjob?jk=56488cf3f590d0ce&qd=kzI5tJZPkWJqoVrEwKNhYuUf1GyoJ5epwGPvrXv9tcK5ycJRMJ608P5iRe5vKKfYnX3Mn_d1sQUGgEd6p8l1qWEnnUflm_82WtmzPAYIa9s&indpubnum=8836246992678581&atk=1c3qf0rje18fp05d
45,Phoenix,Wells Fargo,US,"Fri, 05 Jan 2018 13:09:24 GMT",False,"Phoenix, AZ","Phoenix, AZ",9 days ago,False,bbe8836cb6be59b7,Analytic Consultant 3,en,"indeed_clk(this,'5803');","2+ years of <b>Python</b> experience. Process documentation experience Other Desired Qualifications Expertise in <b>Python</b> Libraries – a few examples, but not limited to:...",Wells Fargo,False,AZ,,http://www.indeed.com/viewjob?jk=bbe8836cb6be59b7&qd=kzI5tJZPkWJqoVrEwKNhYuUf1GyoJ5epwGPvrXv9tcK5ycJRMJ608P5iRe5vKKfYnX3Mn_d1sQUGgEd6p8l1qWEnnUflm_82WtmzPAYIa9s&indpubnum=8836246992678581&atk=1c3qf0rje18fp05d
46,Phoenix,HomeLight,US,"Fri, 27 Oct 2017 20:26:23 GMT",False,"Phoenix, AZ","Phoenix, AZ",30+ days ago,True,49f52e2a2e20b390,Senior Software Engineer,en,"indeed_clk(this,'5803');","Ruby, <b>Python</b>, Java, Javascript, Go. HomeLight is changing the face of real estate one homeowner at a time....",HomeLight,False,AZ,,http://www.indeed.com/viewjob?jk=49f52e2a2e20b390&qd=kzI5tJZPkWJqoVrEwKNhYuUf1GyoJ5epwGPvrXv9tcK5ycJRMJ608P5iRe5vKKfYnX3Mn_d1sQUGgEd6p8l1qWEnnUflm_82WtmzPAYIa9s&indpubnum=8836246992678581&atk=1c3qf0rje18fp05d
47,Scottsdale,"JDA Software Group, Inc.",US,"Fri, 29 Dec 2017 06:34:12 GMT",False,"Scottsdale, AZ","Scottsdale, AZ",16 days ago,False,a2fc5e90804645db,Software Developer - Full Stack,en,"indeed_clk(this,'5803');","Experience with Java, <b>Python</b> and knowledge of its ecosystems, libraries. JDA Software is the leading supply chain provider powering today’s digital...","JDA Software Group, Inc.",False,AZ,,http://www.indeed.com/viewjob?jk=a2fc5e90804645db&qd=kzI5tJZPkWJqoVrEwKNhYuUf1GyoJ5epwGPvrXv9tcK5ycJRMJ608P5iRe5vKKfYnX3Mn_d1sQUGgEd6p8l1qWEnnUflm_82WtmzPAYIa9s&indpubnum=8836246992678581&atk=1c3qf0rje18fp05d
48,Tempe,GoDaddy,US,"Fri, 17 Nov 2017 00:02:24 GMT",False,"Tempe, AZ","Tempe, AZ",30+ days ago,False,1de9d25b0ef951f0,Software Development Engineer - Search,en,"indeed_clk(this,'5803');",Strong experience in <b>Python</b> and/or Java. GoDaddy is looking for excited engineers who have a passion for problem solving....,GoDaddy,False,AZ,,http://www.indeed.com/viewjob?jk=1de9d25b0ef951f0&qd=kzI5tJZPkWJqoVrEwKNhYuUf1GyoJ5epwGPvrXv9tcK5ycJRMJ608P5iRe5vKKfYnX3Mn_d1sQUGgEd6p8l1qWEnnUflm_82WtmzPAYIa9s&indpubnum=8836246992678581&atk=1c3qf0rje18fp05d
49,Phoenix,Compound Photonics US Corporation,US,"Fri, 15 Dec 2017 18:22:25 GMT",False,"Phoenix, AZ","Phoenix, AZ",29 days ago,False,9611842a155d1cad,"Test Engineer, Automation",en,"indeed_clk(this,'5803');","SolidWorks, <b>Python</b>, C\C++, .NET, MATLAB Quality systems for manufacturing; Purpose of the Role:....",Compound Photonics US Corporation,False,AZ,,http://www.indeed.com/viewjob?jk=9611842a155d1cad&qd=kzI5tJZPkWJqoVrEwKNhYuUf1GyoJ5epwGPvrXv9tcK5ycJRMJ608P5iRe5vKKfYnX3Mn_d1sQUGgEd6p8l1qWEnnUflm_82WtmzPAYIa9s&indpubnum=8836246992678581&atk=1c3qf0rje18fp05d
75,Chandler,Marvell,US,"Wed, 29 Nov 2017 12:58:50 GMT",False,"Chandler, AZ","Chandler, AZ",30+ days ago,False,9bda75beb6349f11,"Validation Engineer - Hardware, Emb. Software, Automated test/build",en,"indeed_clk(this,'5956');","Prior experience with <b>Python</b> scripting is needed. As part of Marvell’s Central Engineering Division, the System Validation (SV) group develops state-of-the-art...",Marvell,False,AZ,,http://www.indeed.com/viewjob?jk=9bda75beb6349f11&qd=kzI5tJZPkWJqoVrEwKNhYuUf1GyoJ5epwGPvrXv9tcK5ycJRMJ608P5iRe5vKKfYnX3Mn_d1sQUGgEd6p8l1qWHRqJhPoH6hzhHbs9eGJzo&indpubnum=8836246992678581&atk=1c3qf0ro5avh2fc0
76,Tempe,"Ipro Tech, Inc.",US,"Fri, 22 Dec 2017 17:26:42 GMT",False,"Tempe, AZ","Tempe, AZ",22 days ago,False,8dfe880a164d9587,Software Engineer (Analytics),en,"indeed_clk(this,'5956');","The successful candidate has: 1-2 years of experience developing applications in an object-oriented language and utilizing a relational database (SQL Server,...","Ipro Tech, Inc.",False,AZ,,http://www.indeed.com/viewjob?jk=8dfe880a164d9587&qd=kzI5tJZPkWJqoVrEwKNhYuUf1GyoJ5epwGPvrXv9tcK5ycJRMJ608P5iRe5vKKfYnX3Mn_d1sQUGgEd6p8l1qWHRqJhPoH6hzhHbs9eGJzo&indpubnum=8836246992678581&atk=1c3qf0ro5avh2fc0
77,Tempe,US Foods,US,"Sat, 30 Sep 2017 19:40:32 GMT",False,"Tempe, AZ","Tempe, AZ 85282",30+ days ago,False,ce651573631c7cee,Intern- IT- Web Applications Developer,en,"indeed_clk(this,'5956');","Coursework or skill with JDBC, JMS, Web Services, J2EE, Applet, Servlet, JSP, JSON, and/or <b>PYTHON</b>. Intern- IT- Web Applications Developer - 17004765....",US Foods,False,AZ,,http://www.indeed.com/viewjob?jk=ce651573631c7cee&qd=kzI5tJZPkWJqoVrEwKNhYuUf1GyoJ5epwGPvrXv9tcK5ycJRMJ608P5iRe5vKKfYnX3Mn_d1sQUGgEd6p8l1qWHRqJhPoH6hzhHbs9eGJzo&indpubnum=8836246992678581&atk=1c3qf0ro5avh2fc0
78,Scottsdale,Early Warning Services,US,"Sat, 09 Dec 2017 06:57:32 GMT",False,"Scottsdale, AZ","Scottsdale, AZ 85260",30+ days ago,False,4260914d9338b515,Sr. Software Engineer,en,"indeed_clk(this,'5956');","Experience with other computer languages like C#, Ruby, <b>Python</b>, and PHP is a plus. This position designs, develops, tests and maintains software product...",Early Warning Services,False,AZ,,http://www.indeed.com/viewjob?jk=4260914d9338b515&qd=kzI5tJZPkWJqoVrEwKNhYuUf1GyoJ5epwGPvrXv9tcK5ycJRMJ608P5iRe5vKKfYnX3Mn_d1sQUGgEd6p8l1qWHRqJhPoH6hzhHbs9eGJzo&indpubnum=8836246992678581&atk=1c3qf0ro5avh2fc0
79,Gilbert,Orbital ATK,US,"Thu, 19 Oct 2017 20:35:33 GMT",False,"Gilbert, AZ","Gilbert, AZ",30+ days ago,False,b50b406ad1d7955e,Software Engineer,en,"indeed_clk(this,'5956');","Knowledge of WindRiver Simics, LabView, Perl and <b>Python</b> will be considered a plus. With projected annual revenues in of nearly $4.5 billion, approximately 12...",Orbital ATK,False,AZ,,http://www.indeed.com/viewjob?jk=b50b406ad1d7955e&qd=kzI5tJZPkWJqoVrEwKNhYuUf1GyoJ5epwGPvrXv9tcK5ycJRMJ608P5iRe5vKKfYnX3Mn_d1sQUGgEd6p8l1qWHRqJhPoH6hzhHbs9eGJzo&indpubnum=8836246992678581&atk=1c3qf0ro5avh2fc0
80,Tempe,Comtech EF Data Corporation,US,"Wed, 27 Dec 2017 07:26:52 GMT",False,"Tempe, AZ","Tempe, AZ",18 days ago,False,e6c6067062812f0e,Test Engineer,en,"indeed_clk(this,'5956');","C/C++, <b>Python</b> and Java preferred. Comtech EF Data is looking for an experienced Test Engineer that will collaborate across Software Engineering and Hardware...",Comtech EF Data Corporation,False,AZ,,http://www.indeed.com/viewjob?jk=e6c6067062812f0e&qd=kzI5tJZPkWJqoVrEwKNhYuUf1GyoJ5epwGPvrXv9tcK5ycJRMJ608P5iRe5vKKfYnX3Mn_d1sQUGgEd6p8l1qWHRqJhPoH6hzhHbs9eGJzo&indpubnum=8836246992678581&atk=1c3qf0ro5avh2fc0
81,Phoenix,Charles Schwab,US,"Fri, 12 Jan 2018 11:16:01 GMT",False,"Phoenix, AZ","Phoenix, AZ 85002",2 days ago,False,253e6bd106667754,WAN Engineer,en,"indeed_clk(this,'5956');","Scripting languages - knowledge with scripting languages, such as <b>Python</b>, Expect and TCL. Phoenix - AZ, PHX4701A, 4701 E Francisco Dr, 85044-5365....",Charles Schwab,False,AZ,,http://www.indeed.com/viewjob?jk=253e6bd106667754&qd=kzI5tJZPkWJqoVrEwKNhYuUf1GyoJ5epwGPvrXv9tcK5ycJRMJ608P5iRe5vKKfYnX3Mn_d1sQUGgEd6p8l1qWHRqJhPoH6hzhHbs9eGJzo&indpubnum=8836246992678581&atk=1c3qf0ro5avh2fc0
82,Phoenix,ViaSat,US,"Sat, 23 Dec 2017 06:21:21 GMT",False,"Phoenix, AZ","Phoenix, AZ",22 days ago,False,8a6c50f505ec940a,"Test Engineer, Satellite Payload",en,"indeed_clk(this,'5956');","Scripting language experience such as <b>Python</b>, Perl, JAS, C++, or C Sharp. ViaSat is a rapidly growing technology company that designs, deploys and operates...",ViaSat,False,AZ,,http://www.indeed.com/viewjob?jk=8a6c50f505ec940a&qd=kzI5tJZPkWJqoVrEwKNhYuUf1GyoJ5epwGPvrXv9tcK5ycJRMJ608P5iRe5vKKfYnX3Mn_d1sQUGgEd6p8l1qWHRqJhPoH6hzhHbs9eGJzo&indpubnum=8836246992678581&atk=1c3qf0ro5avh2fc0
83,Scottsdale,Connect Wireless,US,"Mon, 20 Nov 2017 20:45:07 GMT",False,"Scottsdale, AZ","Scottsdale, AZ 85251",30+ days ago,True,bc63007989c58af3,Data Reporting Specialist - AT&T Authorized Retailer - Scottsdale,en,"indeed_clk(this,'5956');","If you have expertise in Excel and knowledge of <b>Python</b>, SQL, BI, Power BI, and other data tools (all or some)....",Connect Wireless,False,AZ,,http://www.indeed.com/viewjob?jk=bc63007989c58af3&qd=kzI5tJZPkWJqoVrEwKNhYuUf1GyoJ5epwGPvrXv9tcK5ycJRMJ608P5iRe5vKKfYnX3Mn_d1sQUGgEd6p8l1qWHRqJhPoH6hzhHbs9eGJzo&indpubnum=8836246992678581&atk=1c3qf0ro5avh2fc0
84,Phoenix,Career Evolutions,US,"Sat, 23 Dec 2017 02:53:16 GMT",False,"Phoenix, AZ","Phoenix, AZ",22 days ago,True,753192ae00011d1b,Senior Infrastructure Engineer,en,"indeed_clk(this,'5956');","<b>Python</b>, shell, ruby, powershell). Career Evolutions is seeking a Senior Infrastructure Engineer for an exciting and expanding technology company in Phoenix, AZ....",Career Evolutions,False,AZ,,http://www.indeed.com/viewjob?jk=753192ae00011d1b&qd=kzI5tJZPkWJqoVrEwKNhYuUf1GyoJ5epwGPvrXv9tcK5ycJRMJ608P5iRe5vKKfYnX3Mn_d1sQUGgEd6p8l1qWHRqJhPoH6hzhHbs9eGJzo&indpubnum=8836246992678581&atk=1c3qf0ro5avh2fc0
85,Phoenix,Intel,US,"Thu, 28 Dec 2017 11:18:38 GMT",False,"Phoenix, AZ","Phoenix, AZ 85018",17 days ago,False,47eb3b5a615df54c,Packaging R&D Engineer,en,"indeed_clk(this,'5956');","Experience with statistical data analysis, JMP and JSL, <b>Python</b>, relational database structure and usage, machine learning Inside this Business Group....",Intel,False,AZ,,http://www.indeed.com/viewjob?jk=47eb3b5a615df54c&qd=kzI5tJZPkWJqoVrEwKNhYuUf1GyoJ5epwGPvrXv9tcK5ycJRMJ608P5iRe5vKKfYnX3Mn_d1sQUGgEd6p8l1qWHRqJhPoH6hzhHbs9eGJzo&indpubnum=8836246992678581&atk=1c3qf0ro5avh2fc0
86,Phoenix,REPAY,US,"Sat, 23 Dec 2017 06:16:07 GMT",False,"Phoenix, AZ","Phoenix, AZ",22 days ago,True,090ab101eca57a31,Senior Full Stack Developer (Python),en,"indeed_clk(this,'5956');","Experience working with either <b>Python</b> and/or C#.NET. REPAY – Realtime Electronic Payments is an established and fast growing, Financial Technology company....",Repay,False,AZ,,http://www.indeed.com/viewjob?jk=090ab101eca57a31&qd=kzI5tJZPkWJqoVrEwKNhYuUf1GyoJ5epwGPvrXv9tcK5ycJRMJ608P5iRe5vKKfYnX3Mn_d1sQUGgEd6p8l1qWHRqJhPoH6hzhHbs9eGJzo&indpubnum=8836246992678581&atk=1c3qf0ro5avh2fc0
87,Phoenix,Charles Schwab,US,"Sat, 06 Jan 2018 11:16:16 GMT",False,"Phoenix, AZ","Phoenix, AZ 85002",8 days ago,False,f24dab35fcb55e65,Site Reliability Engineer,en,"indeed_clk(this,'5956');","Bash, <b>Python</b>, Powershell), Network Load Balancing (e.g. Phoenix - AZ, PHX4701A, 4701 E Francisco Dr, 85044-5365....",Charles Schwab,False,AZ,,http://www.indeed.com/viewjob?jk=f24dab35fcb55e65&qd=kzI5tJZPkWJqoVrEwKNhYuUf1GyoJ5epwGPvrXv9tcK5ycJRMJ608P5iRe5vKKfYnX3Mn_d1sQUGgEd6p8l1qWHRqJhPoH6hzhHbs9eGJzo&indpubnum=8836246992678581&atk=1c3qf0ro5avh2fc0
88,Phoenix,"Pinnacle Data Systems, LLC",US,"Fri, 27 Oct 2017 23:50:51 GMT",False,"Phoenix, AZ","Phoenix, AZ 85085",30+ days ago,True,c83627bb3e5a8e05,Application Developer,en,"indeed_clk(this,'5956');","5+ years development experience in <b>Python</b>. Pinnacle Data Systems, LLC....","Pinnacle Data Systems, LLC",False,AZ,,http://www.indeed.com/viewjob?jk=c83627bb3e5a8e05&qd=kzI5tJZPkWJqoVrEwKNhYuUf1GyoJ5epwGPvrXv9tcK5ycJRMJ608P5iRe5vKKfYnX3Mn_d1sQUGgEd6p8l1qWHRqJhPoH6hzhHbs9eGJzo&indpubnum=8836246992678581&atk=1c3qf0ro5avh2fc0
89,Tempe,CloudMed,US,"Mon, 27 Nov 2017 19:33:00 GMT",False,"Tempe, AZ","Tempe, AZ",30+ days ago,True,67353ae6443fc220,Implementation Engineer,en,"indeed_clk(this,'5956');","PowerShell, Bash, Perl, <b>Python</b>. Join a cutting-edge healthcare technology company with proven leadership, and a shared vision for driving value to our customers...",Indeed,False,AZ,,http://www.indeed.com/viewjob?jk=67353ae6443fc220&qd=kzI5tJZPkWJqoVrEwKNhYuUf1GyoJ5epwGPvrXv9tcK5ycJRMJ608P5iRe5vKKfYnX3Mn_d1sQUGgEd6p8l1qWHRqJhPoH6hzhHbs9eGJzo&indpubnum=8836246992678581&atk=1c3qf0ro5avh2fc0
90,Chandler,Wells Fargo,US,"Sat, 16 Dec 2017 13:08:49 GMT",False,"Chandler, AZ","Chandler, AZ",29 days ago,False,3f73b71e00eaef8c,Cyber Security Specialist 2 - Cloud Red Team Researcher/Scientist,en,"indeed_clk(this,'5956');","Knowledge and understanding of <b>Python</b>, Ruby, PowerShell, and Shell scripting. Enterprise Information Security....",Wells Fargo,False,AZ,,http://www.indeed.com/viewjob?jk=3f73b71e00eaef8c&qd=kzI5tJZPkWJqoVrEwKNhYuUf1GyoJ5epwGPvrXv9tcK5ycJRMJ608P5iRe5vKKfYnX3Mn_d1sQUGgEd6p8l1qWHRqJhPoH6hzhHbs9eGJzo&indpubnum=8836246992678581&atk=1c3qf0ro5avh2fc0
91,Phoenix,State of Arizona,US,"Thu, 11 Jan 2018 23:02:11 GMT",False,"Phoenix, AZ","Phoenix, AZ",2 days ago,False,51a09de5f7fd5172,SENIOR WINDOWS SYSTEMS ENGINEER,en,"indeed_clk(this,'5956');","Experience scripting in PowerShell, <b>Python</b>, Bash, Lambda, Cloud Formation or other scripting languages. Arizona Department of Administration....",State of Arizona,False,AZ,,http://www.indeed.com/viewjob?jk=51a09de5f7fd5172&qd=kzI5tJZPkWJqoVrEwKNhYuUf1GyoJ5epwGPvrXv9tcK5ycJRMJ608P5iRe5vKKfYnX3Mn_d1sQUGgEd6p8l1qWHRqJhPoH6hzhHbs9eGJzo&indpubnum=8836246992678581&atk=1c3qf0ro5avh2fc0
92,Chandler,Wells Fargo,US,"Fri, 12 Jan 2018 13:06:48 GMT",False,"Chandler, AZ","Chandler, AZ",2 days ago,False,7a6f8b221037dba2,Machine Learning Platform Data Engineer ( ASE5),en,"indeed_clk(this,'5956');",Job Description EIT AI and ML Platform team is looking for a highly motivated and experienced machine learning data engineering resource with machine learning...,Wells Fargo,False,AZ,,http://www.indeed.com/viewjob?jk=7a6f8b221037dba2&qd=kzI5tJZPkWJqoVrEwKNhYuUf1GyoJ5epwGPvrXv9tcK5ycJRMJ608P5iRe5vKKfYnX3Mn_d1sQUGgEd6p8l1qWHRqJhPoH6hzhHbs9eGJzo&indpubnum=8836246992678581&atk=1c3qf0ro5avh2fc0
93,Phoenix,SRP,US,"Tue, 26 Sep 2017 21:40:19 GMT",False,"Phoenix, AZ","Phoenix, AZ",30+ days ago,False,6b7bf5b6bdda404a,Data Storage Principal Analyst,en,"indeed_clk(this,'5956');",SRP is one of the largest public power and water utilities in the U.S. providing electricity to approximately one million customers in the greater...,SRP,False,AZ,,http://www.indeed.com/viewjob?jk=6b7bf5b6bdda404a&qd=kzI5tJZPkWJqoVrEwKNhYuUf1GyoJ5epwGPvrXv9tcK5ycJRMJ608P5iRe5vKKfYnX3Mn_d1sQUGgEd6p8l1qWHRqJhPoH6hzhHbs9eGJzo&indpubnum=8836246992678581&atk=1c3qf0ro5avh2fc0
94,Phoenix,Kudelski SA,US,"Fri, 17 Nov 2017 17:59:13 GMT",False,"Phoenix, AZ","Phoenix, AZ",30+ days ago,False,6d95ad75ce6d452c,IT Infrastructure Engineer,en,"indeed_clk(this,'5956');","Experience at scripting in shell and <b>python</b> a definite plus. To support our infrastructure services serving our global Cyber Fusion Center (CFC), we are looking...",Kudelski SA,False,AZ,,http://www.indeed.com/viewjob?jk=6d95ad75ce6d452c&qd=kzI5tJZPkWJqoVrEwKNhYuUf1GyoJ5epwGPvrXv9tcK5ycJRMJ608P5iRe5vKKfYnX3Mn_d1sQUGgEd6p8l1qWHRqJhPoH6hzhHbs9eGJzo&indpubnum=8836246992678581&atk=1c3qf0ro5avh2fc0
95,Phoenix,Gannett,US,"Wed, 11 Oct 2017 00:54:51 GMT",False,"Phoenix, AZ","Phoenix, AZ 85004",30+ days ago,True,99162afca20c75eb,Back-End Developer II,en,"indeed_clk(this,'5956');","Proficient knowledge of a back-end programming language (PHP, <b>Python</b>, Ruby, Java, .NET, JavaScript). Gannett Co., Inc....",Gannett,False,AZ,,http://www.indeed.com/viewjob?jk=99162afca20c75eb&qd=kzI5tJZPkWJqoVrEwKNhYuUf1GyoJ5epwGPvrXv9tcK5ycJRMJ608P5iRe5vKKfYnX3Mn_d1sQUGgEd6p8l1qWHRqJhPoH6hzhHbs9eGJzo&indpubnum=8836246992678581&atk=1c3qf0ro5avh2fc0
96,Phoenix,Compound Photonics US Corporation,US,"Fri, 15 Dec 2017 18:22:22 GMT",False,"Phoenix, AZ","Phoenix, AZ",29 days ago,False,d86c16a628502db1,"Test Engineer, IC Test",en,"indeed_clk(this,'5956');","C\C++, C#, .NET &amp; <b>Python</b> Create reports and present test data correlations between test tools and the manufacturing processes Identify measures or indicators of...",Compound Photonics US Corporation,False,AZ,,http://www.indeed.com/viewjob?jk=d86c16a628502db1&qd=kzI5tJZPkWJqoVrEwKNhYuUf1GyoJ5epwGPvrXv9tcK5ycJRMJ608P5iRe5vKKfYnX3Mn_d1sQUGgEd6p8l1qWHRqJhPoH6hzhHbs9eGJzo&indpubnum=8836246992678581&atk=1c3qf0ro5avh2fc0
97,Phoenix,On-Demand Talent Management,US,"Wed, 13 Dec 2017 21:31:56 GMT",False,"Phoenix, AZ","Phoenix, AZ",30+ days ago,True,bd6bbba720e84884,Application Security Engineer,en,"indeed_clk(this,'5956');","Java, Node.js , <b>Python</b>, JavaScript. Must be a US Citizen authorized to work in the US WITHOUT a VISA*....",Indeed,False,AZ,,http://www.indeed.com/viewjob?jk=bd6bbba720e84884&qd=kzI5tJZPkWJqoVrEwKNhYuUf1GyoJ5epwGPvrXv9tcK5ycJRMJ608P5iRe5vKKfYnX3Mn_d1sQUGgEd6p8l1qWHRqJhPoH6hzhHbs9eGJzo&indpubnum=8836246992678581&atk=1c3qf0ro5avh2fc0
98,Scottsdale,GoDaddy,US,"Wed, 08 Nov 2017 23:57:12 GMT",False,"Scottsdale, AZ","Scottsdale, AZ",30+ days ago,False,b0e85763466200e0,Capacity Integration Analyst,en,"indeed_clk(this,'5956');","<b>Python</b>, R, or Java. We are looking for a passionate, results-oriented, public cloud capacity engineer to support companywide public &amp; private cloud capacity...",GoDaddy,False,AZ,,http://www.indeed.com/viewjob?jk=b0e85763466200e0&qd=kzI5tJZPkWJqoVrEwKNhYuUf1GyoJ5epwGPvrXv9tcK5ycJRMJ608P5iRe5vKKfYnX3Mn_d1sQUGgEd6p8l1qWHRqJhPoH6hzhHbs9eGJzo&indpubnum=8836246992678581&atk=1c3qf0ro5avh2fc0
99,Phoenix,Charles Schwab,US,"Thu, 21 Dec 2017 15:46:25 GMT",False,"Phoenix, AZ","Phoenix, AZ 85002",23 days ago,False,e08ce17ca9fe327f,Staff Security Analyst,en,"indeed_clk(this,'5956');","Fluent in at least one scripting language, such as Perl, <b>Python</b> or Shell. Phoenix - AZ, PHX4701A, 4701 E Francisco Dr, 85044-5365....",Charles Schwab,False,AZ,,http://www.indeed.com/viewjob?jk=e08ce17ca9fe327f&qd=kzI5tJZPkWJqoVrEwKNhYuUf1GyoJ5epwGPvrXv9tcK5ycJRMJ608P5iRe5vKKfYnX3Mn_d1sQUGgEd6p8l1qWHRqJhPoH6hzhHbs9eGJzo&indpubnum=8836246992678581&atk=1c3qf0ro5avh2fc0
125,Phoenix,American Express,US,"Sat, 13 Jan 2018 02:00:38 GMT",False,"Phoenix, AZ","Phoenix, AZ",1 day ago,False,265e6c14d4f08f19,Information Security Analyst,en,"indeed_clk(this,'6116');","5+ years of database development experience in a professional environment or Bachelor's Degree in Software Engineering, Computer Science, Mathematics,...",American Express,False,AZ,,http://www.indeed.com/viewjob?jk=265e6c14d4f08f19&qd=kzI5tJZPkWJqoVrEwKNhYuUf1GyoJ5epwGPvrXv9tcK5ycJRMJ608P5iRe5vKKfYnX3Mn_d1sQUGgEd6p8l1qWHRqJhPoH6hzhHbs9eGJzo&indpubnum=8836246992678581&atk=1c3qf0rt519s87su
126,Gilbert,GoDaddy,US,"Mon, 27 Nov 2017 18:07:15 GMT",False,"Gilbert, AZ","Gilbert, AZ",30+ days ago,False,ebd1f78d751bc540,Software Development Engineer,en,"indeed_clk(this,'6116');","Expertise in multiple modern programming languages across multiple platforms and systems (Java, <b>Python</b>, PHP, C#, Ruby, etc.)....",GoDaddy,False,AZ,,http://www.indeed.com/viewjob?jk=ebd1f78d751bc540&qd=kzI5tJZPkWJqoVrEwKNhYuUf1GyoJ5epwGPvrXv9tcK5ycJRMJ608P5iRe5vKKfYnX3Mn_d1sQUGgEd6p8l1qWHRqJhPoH6hzhHbs9eGJzo&indpubnum=8836246992678581&atk=1c3qf0rt519s87su
127,Phoenix,Goodwill of Central & Northern Arizona,US,"Wed, 27 Sep 2017 23:20:53 GMT",False,"Phoenix, AZ","Phoenix, AZ",30+ days ago,True,3d40a7d4ace94936,IT Programmer Analyst,en,"indeed_clk(this,'6116');",Experience w/programming language PHP 5.4+ and/ or <b>Python</b> 2.7 or 3. The Information Technology team keeps all of Goodwill of Central and Northern Arizona's...,Indeed,False,AZ,,http://www.indeed.com/viewjob?jk=3d40a7d4ace94936&qd=kzI5tJZPkWJqoVrEwKNhYuUf1GyoJ5epwGPvrXv9tcK5ycJRMJ608P5iRe5vKKfYnX3Mn_d1sQUGgEd6p8l1qWHRqJhPoH6hzhHbs9eGJzo&indpubnum=8836246992678581&atk=1c3qf0rt519s87su
128,Phoenix,ON Semiconductor,US,"Fri, 15 Dec 2017 21:39:53 GMT",False,"Phoenix, AZ","Phoenix, AZ 85008",29 days ago,False,d92fe6aaa094be96,Summer 2018 Research and Development Intern,en,"indeed_clk(this,'6116');",Coding in TCL and <b>Python</b> for tool automation. Summer 2018 Research and Development Intern - (1706207)....,ON Semiconductor,False,AZ,,http://www.indeed.com/viewjob?jk=d92fe6aaa094be96&qd=kzI5tJZPkWJqoVrEwKNhYuUf1GyoJ5epwGPvrXv9tcK5ycJRMJ608P5iRe5vKKfYnX3Mn_d1sQUGgEd6p8l1qWHRqJhPoH6hzhHbs9eGJzo&indpubnum=8836246992678581&atk=1c3qf0rt519s87su
129,Phoenix,American Express,US,"Thu, 11 Jan 2018 07:59:39 GMT",False,"Phoenix, AZ","Phoenix, AZ",3 days ago,False,2036b68dbb28cc56,Senior DevOps Engineer - Architecture and Mobile & Web Engineering,en,"indeed_clk(this,'6116');","Highly knowledgeable and experienced with scripting languages such as <b>Python</b>, etc. Experience with source control management such as Git Expertise in...",American Express,False,AZ,,http://www.indeed.com/viewjob?jk=2036b68dbb28cc56&qd=kzI5tJZPkWJqoVrEwKNhYuUf1GyoJ5epwGPvrXv9tcK5ycJRMJ608P5iRe5vKKfYnX3Mn_d1sQUGgEd6p8l1qWHRqJhPoH6hzhHbs9eGJzo&indpubnum=8836246992678581&atk=1c3qf0rt519s87su
130,Phoenix,Paychex,US,"Wed, 03 Jan 2018 11:25:26 GMT",False,"Phoenix, AZ","Phoenix, AZ 85002",11 days ago,False,48882b0713f29f6a,Systems Engineer II,en,"indeed_clk(this,'6116');","DevOps concepts, Agile (Jira) Git (Bitbucket), Puppet, Foreman (Satellite), Jenkins, Confluence, Ansible, Advanced Scripting (Bash, Powershell, <b>Python</b>) Ruby,...",Paychex,False,AZ,,http://www.indeed.com/viewjob?jk=48882b0713f29f6a&qd=kzI5tJZPkWJqoVrEwKNhYuUf1GyoJ5epwGPvrXv9tcK5ycJRMJ608P5iRe5vKKfYnX3Mn_d1sQUGgEd6p8l1qWHRqJhPoH6hzhHbs9eGJzo&indpubnum=8836246992678581&atk=1c3qf0rt519s87su
131,Chandler,Wells Fargo,US,"Fri, 05 Jan 2018 13:09:24 GMT",False,"Chandler, AZ","Chandler, AZ",9 days ago,False,da122c74ad3efcb5,Analytic Consultant 3,en,"indeed_clk(this,'6116');","2+ years of <b>Python</b> experience. Process documentation experience Other Desired Qualifications Expertise in <b>Python</b> Libraries – a few examples, but not limited to:...",Wells Fargo,False,AZ,,http://www.indeed.com/viewjob?jk=da122c74ad3efcb5&qd=kzI5tJZPkWJqoVrEwKNhYuUf1GyoJ5epwGPvrXv9tcK5ycJRMJ608P5iRe5vKKfYnX3Mn_d1sQUGgEd6p8l1qWHRqJhPoH6hzhHbs9eGJzo&indpubnum=8836246992678581&atk=1c3qf0rt519s87su
132,Scottsdale,Trax Technologies,US,"Wed, 20 Dec 2017 04:06:17 GMT",False,"Scottsdale, AZ","Scottsdale, AZ 85260",25 days ago,True,906b6bfc6e03feb7,Devops Engineer,en,"indeed_clk(this,'6116');","Experience programming in <b>Python</b>, Java and/or.Net. Trax Technologies provides cloud-based solutions and services to automate and manage freight invoice audit...",Trax Technologies,False,AZ,,http://www.indeed.com/viewjob?jk=906b6bfc6e03feb7&qd=kzI5tJZPkWJqoVrEwKNhYuUf1GyoJ5epwGPvrXv9tcK5ycJRMJ608P5iRe5vKKfYnX3Mn_d1sQUGgEd6p8l1qWHRqJhPoH6hzhHbs9eGJzo&indpubnum=8836246992678581&atk=1c3qf0rt519s87su
133,Chandler,"Iridium Satellite, LLC",US,"Wed, 03 Jan 2018 02:15:31 GMT",False,"Chandler, AZ","Chandler, AZ",11 days ago,False,44e427e3192fe654,Associate Engineer (Gateway Integration & Test) 17-071,en,"indeed_clk(this,'6116');","Experience developing software in C, C++, C, Java, <b>Python</b> and/or other computer languages. Iridium Satellite produces and supports multiple mobile products that...","Iridium Satellite, LLC",False,AZ,,http://www.indeed.com/viewjob?jk=44e427e3192fe654&qd=kzI5tJZPkWJqoVrEwKNhYuUf1GyoJ5epwGPvrXv9tcK5ycJRMJ608P5iRe5vKKfYnX3Mn_d1sQUGgEd6p8l1qWHRqJhPoH6hzhHbs9eGJzo&indpubnum=8836246992678581&atk=1c3qf0rt519s87su
134,Phoenix,American Express,US,"Thu, 11 Jan 2018 07:59:41 GMT",False,"Phoenix, AZ","Phoenix, AZ",3 days ago,False,6107cfd36bd60b61,"Engineer - Enterprise Cloud Platform, CI/CD",en,"indeed_clk(this,'6116');","3+ years of scripting experience ( e.g. Bash, php, <b>python</b>, groovy, curl, use/code RESTFUL APIs, Microservices…)....",American Express,False,AZ,,http://www.indeed.com/viewjob?jk=6107cfd36bd60b61&qd=kzI5tJZPkWJqoVrEwKNhYuUf1GyoJ5epwGPvrXv9tcK5ycJRMJ608P5iRe5vKKfYnX3Mn_d1sQUGgEd6p8l1qWHRqJhPoH6hzhHbs9eGJzo&indpubnum=8836246992678581&atk=1c3qf0rt519s87su
135,Phoenix,Mentor Graphics,US,"Sun, 19 Nov 2017 06:54:12 GMT",False,"Phoenix, AZ","Phoenix, AZ",30+ days ago,False,600f6209411cec1d,Application Engineer AMS Verification,en,"indeed_clk(this,'6116');","Working familiarity of Unix and Linux OS, and previous experience with scripting (perl, <b>python</b>, Tcl etc.). All qualified applicants will receive consideration...",Mentor Graphics,False,AZ,,http://www.indeed.com/viewjob?jk=600f6209411cec1d&qd=kzI5tJZPkWJqoVrEwKNhYuUf1GyoJ5epwGPvrXv9tcK5ycJRMJ608P5iRe5vKKfYnX3Mn_d1sQUGgEd6p8l1qWHRqJhPoH6hzhHbs9eGJzo&indpubnum=8836246992678581&atk=1c3qf0rt519s87su
136,Tempe,"Insight Enterprises, Inc.",US,"Mon, 11 Dec 2017 20:02:45 GMT",False,"Tempe, AZ","Tempe, AZ 85283",30+ days ago,False,31b9e19d10a3a157,Data Architect - Remote West coast,en,"indeed_clk(this,'6116');","Big Data technologies such as Hadoop or HDInsight, Hive, Pig, <b>Python</b>, Spark, Oozie, or any of the other tools with the Hadoop ecosystem....",Insight,False,AZ,,http://www.indeed.com/viewjob?jk=31b9e19d10a3a157&qd=kzI5tJZPkWJqoVrEwKNhYuUf1GyoJ5epwGPvrXv9tcK5ycJRMJ608P5iRe5vKKfYnX3Mn_d1sQUGgEd6p8l1qWHRqJhPoH6hzhHbs9eGJzo&indpubnum=8836246992678581&atk=1c3qf0rt519s87su
137,Phoenix,ViaSat,US,"Fri, 06 Oct 2017 05:46:04 GMT",False,"Phoenix, AZ","Phoenix, AZ",30+ days ago,False,b1d4932ebbb2c125,RF Test Engineer,en,"indeed_clk(this,'6116');","Proficiency with programming in one or more languages such as LabView, C/C++, C#, Visual Basic, or <b>Python</b>....",ViaSat,False,AZ,,http://www.indeed.com/viewjob?jk=b1d4932ebbb2c125&qd=kzI5tJZPkWJqoVrEwKNhYuUf1GyoJ5epwGPvrXv9tcK5ycJRMJ608P5iRe5vKKfYnX3Mn_d1sQUGgEd6p8l1qWHRqJhPoH6hzhHbs9eGJzo&indpubnum=8836246992678581&atk=1c3qf0rt519s87su
138,Scottsdale,General Dynamics Mission Systems,US,"Mon, 04 Dec 2017 19:59:01 GMT",False,"Scottsdale, AZ","Scottsdale, AZ",30+ days ago,True,c95d6e21afc368a6,Linux Platform Security Engineer,en,"indeed_clk(this,'6116');","<b>Python</b>, Bash, Perl, etc.). General Dynamics Mission Systems has an immediate opening for a Linux Platform Security Engineer....",Indeed,False,AZ,,http://www.indeed.com/viewjob?jk=c95d6e21afc368a6&qd=kzI5tJZPkWJqoVrEwKNhYuUf1GyoJ5epwGPvrXv9tcK5ycJRMJ608P5iRe5vKKfYnX3Mn_d1sQUGgEd6p8l1qWHRqJhPoH6hzhHbs9eGJzo&indpubnum=8836246992678581&atk=1c3qf0rt519s87su
139,Tempe,GoDaddy,US,"Thu, 21 Dec 2017 03:21:20 GMT",False,"Tempe, AZ","Tempe, AZ",24 days ago,False,d283e6b84ed76f4b,SDE IV - Storage Engineering / Ceph,en,"indeed_clk(this,'6116');",Programming proficiency in high level languages such as <b>Python</b>. We are looking for engineers to join the Ceph and Storage Engineering team....,GoDaddy,False,AZ,,http://www.indeed.com/viewjob?jk=d283e6b84ed76f4b&qd=kzI5tJZPkWJqoVrEwKNhYuUf1GyoJ5epwGPvrXv9tcK5ycJRMJ608P5iRe5vKKfYnX3Mn_d1sQUGgEd6p8l1qWHRqJhPoH6hzhHbs9eGJzo&indpubnum=8836246992678581&atk=1c3qf0rt519s87su
140,Phoenix,Conservation Legacy,US,"Fri, 08 Dec 2017 06:41:37 GMT",False,"Phoenix, AZ","Phoenix, AZ",30+ days ago,False,94760014c81cf72d,BLM Arizona GIS Internships - Locations Vary,en,"indeed_clk(this,'6116');","Project Start and Completion Dates: Start Date: January 29, 2018 End Date: December 21, 2018 Total # of weeks: 47 One Intern in the BLM Arizona State Office...",Conservation Legacy,False,AZ,,http://www.indeed.com/viewjob?jk=94760014c81cf72d&qd=kzI5tJZPkWJqoVrEwKNhYuUf1GyoJ5epwGPvrXv9tcK5ycJRMJ608P5iRe5vKKfYnX3Mn_d1sQUGgEd6p8l1qWHRqJhPoH6hzhHbs9eGJzo&indpubnum=8836246992678581&atk=1c3qf0rt519s87su
141,Phoenix,"AAA Northern California, Nevada & Utah",US,"Wed, 18 Oct 2017 11:21:44 GMT",False,"Phoenix, AZ","Phoenix, AZ 85016",30+ days ago,False,8f475eb84d168caf,Applications Engineer,en,"indeed_clk(this,'6116');","Strong experience with SWIFT, HTML, Java, JavaScript, JSON, <b>Python</b> and SQL. AAA Arizona is seeking an Applications Engineer responsible for developing,...","AAA Northern California, Nevada & Utah",False,AZ,,http://www.indeed.com/viewjob?jk=8f475eb84d168caf&qd=kzI5tJZPkWJqoVrEwKNhYuUf1GyoJ5epwGPvrXv9tcK5ycJRMJ608P5iRe5vKKfYnX3Mn_d1sQUGgEd6p8l1qWHRqJhPoH6hzhHbs9eGJzo&indpubnum=8836246992678581&atk=1c3qf0rt519s87su
142,Scottsdale,Early Warning Services,US,"Thu, 07 Dec 2017 06:36:29 GMT",False,"Scottsdale, AZ","Scottsdale, AZ 85260",30+ days ago,False,3130520e01ce25aa,DevOps Engineer,en,"indeed_clk(this,'6116');","O <b>Python</b>, Bash, Ruby, Powershell development experience. This position is responsible for the upkeep and development of our infrastructure services as code....",Early Warning Services,False,AZ,,http://www.indeed.com/viewjob?jk=3130520e01ce25aa&qd=kzI5tJZPkWJqoVrEwKNhYuUf1GyoJ5epwGPvrXv9tcK5ycJRMJ608P5iRe5vKKfYnX3Mn_d1sQUGgEd6p8l1qWHRqJhPoH6hzhHbs9eGJzo&indpubnum=8836246992678581&atk=1c3qf0rt519s87su
143,Tempe,ProMedia Careers,US,"Thu, 28 Dec 2017 09:36:16 GMT",False,"Tempe, AZ","Tempe, AZ",17 days ago,True,1ac49fe4beca4466,System Engineer,en,"indeed_clk(this,'6116');","Experience with C, C#, <b>Python</b>, TCL, 8051 Assembly, Perl, Unix shell script. ProMedia is hiring engineers to be part of our team supporting a global technology...","ProMedia Telecom, Inc.",False,AZ,,http://www.indeed.com/viewjob?jk=1ac49fe4beca4466&qd=kzI5tJZPkWJqoVrEwKNhYuUf1GyoJ5epwGPvrXv9tcK5ycJRMJ608P5iRe5vKKfYnX3Mn_d1sQUGgEd6p8l1qWHRqJhPoH6hzhHbs9eGJzo&indpubnum=8836246992678581&atk=1c3qf0rt519s87su
144,Tempe,GoDaddy,US,"Tue, 14 Nov 2017 00:00:12 GMT",False,"Tempe, AZ","Tempe, AZ",30+ days ago,False,f10ce860c00a9248,Eng - Software Development IV,en,"indeed_clk(this,'6116');",Solid understanding of <b>Python</b> &amp; Node.JS. Senior Software Development Engineer - Application &amp; Cloud Services....,GoDaddy,False,AZ,,http://www.indeed.com/viewjob?jk=f10ce860c00a9248&qd=kzI5tJZPkWJqoVrEwKNhYuUf1GyoJ5epwGPvrXv9tcK5ycJRMJ608P5iRe5vKKfYnX3Mn_d1sQUGgEd6p8l1qWHRqJhPoH6hzhHbs9eGJzo&indpubnum=8836246992678581&atk=1c3qf0rt519s87su
145,Chandler,Expedia,US,"Fri, 29 Dec 2017 06:06:53 GMT",False,"Chandler, AZ","Chandler, AZ 85248",16 days ago,False,587927209ccd11c7,Sr. Systems Engineer - Windows,en,"indeed_clk(this,'6116');",Strong shell scripting abilities including Ruby and <b>Python</b> and experience automating tasks. Expedia is looking for a Sr....,Expedia,False,AZ,,http://www.indeed.com/viewjob?jk=587927209ccd11c7&qd=kzI5tJZPkWJqoVrEwKNhYuUf1GyoJ5epwGPvrXv9tcK5ycJRMJ608P5iRe5vKKfYnX3Mn_d1sQUGgEd6p8l1qWHRqJhPoH6hzhHbs9eGJzo&indpubnum=8836246992678581&atk=1c3qf0rt519s87su
146,Tempe,DHL Express US,US,"Tue, 02 Jan 2018 23:03:49 GMT",False,"Tempe, AZ","Tempe, AZ",11 days ago,False,b6416b94a2b0e1f7,Customer Service Business Analyst (E),en,"indeed_clk(this,'6116');","Experience with <b>Python</b>, R, Tableau:. Customer Service Business Analyst - Tempe, AZ....",DHL,False,AZ,,http://www.indeed.com/viewjob?jk=b6416b94a2b0e1f7&qd=kzI5tJZPkWJqoVrEwKNhYuUf1GyoJ5epwGPvrXv9tcK5ycJRMJ608P5iRe5vKKfYnX3Mn_d1sQUGgEd6p8l1qWHRqJhPoH6hzhHbs9eGJzo&indpubnum=8836246992678581&atk=1c3qf0rt519s87su
147,Phoenix,Wells Fargo,US,"Thu, 28 Dec 2017 13:07:13 GMT",False,"Phoenix, AZ","Phoenix, AZ",17 days ago,False,c46613e11a1663d9,Database Analyst 4,en,"indeed_clk(this,'6116');","Knowledge and understanding of <b>Python</b>, Ruby, PowerShell, and Shell scripting. Our foundation for success can be summarized in three beliefs:....",Wells Fargo,False,AZ,,http://www.indeed.com/viewjob?jk=c46613e11a1663d9&qd=kzI5tJZPkWJqoVrEwKNhYuUf1GyoJ5epwGPvrXv9tcK5ycJRMJ608P5iRe5vKKfYnX3Mn_d1sQUGgEd6p8l1qWHRqJhPoH6hzhHbs9eGJzo&indpubnum=8836246992678581&atk=1c3qf0rt519s87su
148,Phoenix,Fuze,US,"Thu, 04 Jan 2018 18:22:22 GMT",False,"Phoenix, AZ","Phoenix, AZ",9 days ago,True,7c8aa2500cb3a889,Principal Software Engineer - Media,en,"indeed_clk(this,'6116');","Experience with Go and/or <b>Python</b> is a plus. Software Engineer, Real Time Communications Services/Clients....",Fuze,False,AZ,,http://www.indeed.com/viewjob?jk=7c8aa2500cb3a889&qd=kzI5tJZPkWJqoVrEwKNhYuUf1GyoJ5epwGPvrXv9tcK5ycJRMJ608P5iRe5vKKfYnX3Mn_d1sQUGgEd6p8l1qWHRqJhPoH6hzhHbs9eGJzo&indpubnum=8836246992678581&atk=1c3qf0rt519s87su
149,Phoenix,VisionGate,US,"Wed, 22 Nov 2017 20:45:27 GMT",False,"Phoenix, AZ","Phoenix, AZ",30+ days ago,True,70230137e5001352,BioEngineer Statistician,en,"indeed_clk(this,'6116');", Experience with MySQL and <b>Python</b>. Is currently seeking a bioengineer to aid in developing analysis programs to....,VisionGate,False,AZ,,http://www.indeed.com/viewjob?jk=70230137e5001352&qd=kzI5tJZPkWJqoVrEwKNhYuUf1GyoJ5epwGPvrXv9tcK5ycJRMJ608P5iRe5vKKfYnX3Mn_d1sQUGgEd6p8l1qWHRqJhPoH6hzhHbs9eGJzo&indpubnum=8836246992678581&atk=1c3qf0rt519s87su
